Story_Points,Complexity,Effort_Hours,Predicted_Effort
1,1,3,2.3157894736842115
2,3,4,4.578947368421053
3,2,2,2.578947368421052
4,4,5,4.842105263157895
5,5,6,5.684210526315789
4,8,,10.526315789473687
